wl;up_coef;dw_coef;wl_F;up_coef_F;dw_coef_F;Device ID
649.0240442;0.004011324;0.001269379;340.2426507;0.017323718;0.001742343;JB-013-ESA
649.2025937;0.004001431;0.001266223;341.0050995;0.017073873;0.00171567;Date
649.3811076;0.00399154;0.001263068;341.7673679;0.016824086;0.001689003;20180515
649.5595859;0.003981651;0.001259913;342.529456;0.016574358;0.001662343;Technician
649.7380286;0.003971764;0.001256759;343.2913636;0.01632469;0.001635688;Paul
649.9164356;0.003961878;0.001253605;344.0530908;0.01607508;0.001609041;Place
650.094807;0.003951995;0.001250453;344.8146376;0.01582553;0.001582399;Julich
650.2731427;0.003942114;0.0012473;345.5760039;0.015576039;0.001555764;
650.4514429;0.003932235;0.001244149;346.3371898;0.015326607;0.001529135;
650.6297074;0.003922357;0.001240998;347.0981951;0.015077234;0.001502512;
650.8079364;0.003912482;0.001237847;347.85902;0.01482792;0.001475896;
650.9861297;0.003902621;0.001234698;348.6196643;0.014578666;0.001449286;
651.1642874;0.003892789;0.001231552;349.3801281;0.01432947;0.001422683;
651.3424095;0.003882993;0.001228414;350.1404113;0.014080334;0.001396085;
651.520496;0.003873236;0.001225288;350.9005139;0.013831257;0.001369494;
651.6985469;0.003863525;0.001222178;351.660436;0.013582239;0.00134291;
651.8765623;0.003853863;0.001219088;352.4201774;0.013333281;0.001316331;
652.054542;0.003844257;0.001216022;353.1797382;0.013084381;0.001289759;
652.2324861;0.003834708;0.001212984;353.9391183;0.012835541;0.001263194;
652.4103947;0.003825206;0.001209969;354.6983178;0.01258676;0.001236634;
652.5882677;0.003815736;0.001206974;355.4573365;0.012338038;0.001210081;
652.766105;0.003806285;0.001203995;356.2161746;0.012089375;0.001183534;
652.9439069;0.003796839;0.001201028;356.974832;0.011840772;0.001156994;
653.1216731;0.003787383;0.001198068;357.7333086;0.011592227;0.00113046;
653.2994038;0.003777905;0.001195112;358.4916044;0.011343742;0.001103932;
653.4770989;0.003768393;0.001192157;359.2497195;0.011095317;0.001077411;
653.6547584;0.003758854;0.001189211;360.0076538;0.01084695;0.001050896;
653.8323824;0.003749298;0.001186282;360.7654072;0.010598643;0.001024387;
654.0099708;0.003739734;0.00118338;361.5229799;0.010350395;0.000997884;
654.1875237;0.003730171;0.001180512;362.2803717;0.010102206;0.000971388;
654.365041;0.00372062;0.001177688;363.0375826;0.009854077;0.000944898;
654.5425228;0.00371109;0.001174918;363.7946127;0.009606007;0.000918415;
654.719969;0.003701589;0.001172205;364.5514618;0.009357996;0.000891938;
654.8973797;0.003692116;0.00116954;365.30813;0.009110044;0.000865467;
655.0747548;0.003682669;0.001166908;366.0646173;0.008862152;0.000839002;
655.2520944;0.003673246;0.001164296;366.8209237;0.008614319;0.000812544;
655.4293985;0.003663844;0.001161688;367.5770491;0.008366545;0.000786092;
655.606667;0.003654462;0.001159071;368.3329934;0.00811883;0.000759647;
655.7839;0.003645096;0.001156431;369.0887568;0.007871175;0.000733208;
655.9610975;0.003635749;0.001153758;369.8443392;0.00762358;0.000706775;
656.1382595;0.00362643;0.001151056;370.5997405;0.007376043;0.000680348;
656.3153859;0.003617156;0.001148337;371.3549608;0.0071313;0.000653909;
656.4924768;0.003607941;0.001145609;372.1099999;0.006892051;0.000627547;
656.6695323;0.0035988;0.001142882;372.864858;0.006658248;0.000601427;
656.8465522;0.003589748;0.001140166;373.619535;0.006429841;0.000575715;
657.0235366;0.003580799;0.00113747;374.3740308;0.006206782;0.000550574;
657.2004854;0.003571961;0.0011348;375.1283455;0.00598902;0.000526168;
657.3773988;0.003563213;0.001132155;375.8824791;0.005776531;0.000502638;
657.5542767;0.003554526;0.001129526;376.6364314;0.005569388;0.000480037;
657.7311191;0.003545871;0.001126908;377.3902026;0.005367684;0.000458393;
657.907926;0.00353722;0.001124293;378.1437925;0.005171516;0.000437734;
658.0846975;0.003528545;0.001121677;378.8972012;0.004980979;0.000418089;
658.2614334;0.003519817;0.001119052;379.6504286;0.004796168;0.000399488;
658.4381338;0.003511016;0.001116414;380.4034748;0.004617178;0.000381958;
658.6147988;0.003502157;0.001113766;381.1563397;0.004444129;0.000365513;
658.7914283;0.003493263;0.001111113;381.9090232;0.004277246;0.000350105;
658.9680223;0.003484356;0.001108461;382.6615255;0.004116776;0.000335671;
659.1445809;0.003475459;0.001105814;383.4138464;0.00396297;0.000322149;
659.3211039;0.003466594;0.001103179;384.1659859;0.003816075;0.000309475;
659.4975916;0.003457785;0.001100558;384.9179441;0.003676339;0.000297587;
659.6740437;0.003449051;0.001097959;385.6697209;0.00354401;0.000286423;
659.8504604;0.003440401;0.001095382;386.4213162;0.003419221;0.000275924;
660.0268417;0.003431842;0.001092831;387.1727302;0.003301639;0.000266052;
660.2031874;0.003423381;0.001090307;387.9239626;0.003190821;0.000256771;
660.3794978;0.003415023;0.001087813;388.6750136;0.003086321;0.000248047;
660.5557727;0.003406776;0.001085351;389.4258832;0.002987696;0.000239846;
660.7320121;0.003398645;0.001082923;390.1765712;0.002894502;0.000232133;
660.9082161;0.003390634;0.001080529;390.9270777;0.002806349;0.000224877;
661.0843847;0.003382734;0.001078166;391.6774027;0.002723057;0.000218062;
661.2605178;0.003374932;0.001075824;392.4275461;0.002644499;0.000211675;
661.4366155;0.003367216;0.001073499;393.1775079;0.002570547;0.000205705;
661.6126778;0.003359573;0.001071184;393.9272882;0.002501075;0.000200139;
661.7887046;0.003351992;0.00106887;394.6768868;0.002435957;0.000194963;
661.9646961;0.00334446;0.001066553;395.4263038;0.002375065;0.000190167;
662.1406521;0.003336965;0.001064226;396.1755392;0.002318234;0.000185733;
662.3165727;0.003329503;0.001061892;396.9245929;0.002265139;0.00018163;
662.4924578;0.003322067;0.001059554;397.673465;0.002215417;0.000177822;
662.6683076;0.003314654;0.001057214;398.4221553;0.002168704;0.000174274;
662.844122;0.003307258;0.001054878;399.1706639;0.002124637;0.000170949;
663.0199009;0.003299875;0.001052547;399.9189908;0.002082855;0.000167813;
663.1956445;0.0032925;0.001050226;400.6671359;0.002042996;0.000164829;
663.3713526;0.003285129;0.001047916;401.4150993;0.002004743;0.000161967;
663.5470254;0.003277758;0.001045623;402.1628809;0.001967964;0.000159211;
663.7226627;0.003270386;0.001043349;402.9104807;0.00193257;0.00015655;
663.8982647;0.003263008;0.001041097;403.6578987;0.001898472;0.000153972;
664.0738313;0.003255624;0.001038871;404.4051348;0.001865583;0.000151465;
664.2493625;0.003248229;0.001036673;405.152189;0.001833815;0.000149019;
664.4248583;0.003240821;0.001034508;405.8990614;0.001803088;0.000146624;
664.6003188;0.003233404;0.001032376;406.6457519;0.001773362;0.00014428;
664.7757439;0.003226001;0.001030273;407.3922605;0.001744603;0.000141989;
664.9511336;0.003218642;0.001028191;408.1385872;0.001716781;0.000139754;
665.1264879;0.003211357;0.001026124;408.8847319;0.001689862;0.000137576;
665.3018069;0.003204176;0.001024066;409.6306947;0.001663814;0.000135457;
665.4770905;0.003197128;0.001022009;410.3764755;0.001638605;0.0001334;
665.6523387;0.003190243;0.001019948;411.1220743;0.001614204;0.000131407;
665.8275516;0.003183538;0.001017875;411.867491;0.001590584;0.000129478;
666.0027291;0.003176977;0.00101579;412.6127258;0.001567721;0.000127616;
666.1778713;0.003170512;0.001013693;413.3577784;0.001545588;0.000125821;
666.3529782;0.003164096;0.001011583;414.1026491;0.001524161;0.000124095;
666.5280497;0.003157678;0.00100946;414.8473376;0.001503414;0.000122439;
666.7030858;0.003151212;0.001007324;415.591844;0.001483322;0.000120854;
666.8780866;0.00314465;0.001005174;416.3361683;0.001463853;0.00011934;
667.0530521;0.003137957;0.001003012;417.0803105;0.001444946;0.000117888;
667.2279823;0.003131154;0.001000846;417.8242705;0.001426534;0.000116489;
667.4028771;0.003124274;0.000998685;418.5680483;0.00140855;0.000115132;
667.5777366;0.003117353;0.00099654;419.3116439;0.001390927;0.000113806;
667.7525607;0.003110425;0.000994421;420.0550574;0.001373597;0.000112503;
667.9273496;0.003103522;0.000992337;420.7982886;0.001356505;0.000111213;
668.1021031;0.003096681;0.000990297;421.5413375;0.001339633;0.000109933;
668.2768213;0.003089927;0.000988309;422.2842042;0.001322975;0.000108662;
668.4515043;0.003083261;0.000986366;423.0268886;0.001306527;0.000107398;
668.6261519;0.003076678;0.000984461;423.7693907;0.001290281;0.000106138;
668.8007641;0.00307017;0.000982582;424.5117105;0.001274232;0.000104883;
668.9753411;0.003063731;0.000980723;425.253848;0.001258373;0.000103629;
669.1498828;0.003057355;0.000978873;425.9958031;0.001242699;0.000102376;
669.3243892;0.003051036;0.000977024;426.7375758;0.001227197;0.000101127;
669.4988603;0.003044769;0.000975169;427.4791662;0.001211857;9.98861E-05;
669.6732961;0.00303855;0.000973307;428.2205741;0.001196667;9.86567E-05;
669.8476967;0.003032379;0.000971438;428.9617996;0.001181614;9.74427E-05;
670.0220619;0.003026254;0.000969565;429.7028427;0.001166688;9.62479E-05;
670.1963919;0.003020174;0.000967688;430.4437033;0.001151876;9.5076E-05;
670.3706865;0.003014137;0.000965809;431.1843815;0.001137183;9.39307E-05;
670.544946;0.003008142;0.000963928;431.9248771;0.001122682;9.28141E-05;
670.7191701;0.003002185;0.000962048;432.6651903;0.001108461;9.17283E-05;
670.893359;0.002996256;0.000960174;433.4053209;0.001094607;9.06754E-05;
671.0675126;0.002990339;0.000958312;434.145269;0.001081209;8.96573E-05;
671.2416309;0.002984423;0.000956468;434.8850345;0.001068355;8.86762E-05;
671.415714;0.002978492;0.000954649;435.6246174;0.001056115;8.77336E-05;
671.5897618;0.002972534;0.00095286;436.3640177;0.00104449;8.68299E-05;
671.7637744;0.002966535;0.000951109;437.1032354;0.001033463;8.59652E-05;
671.9377517;0.002960489;0.0009494;437.8422705;0.001023016;8.51394E-05;
672.1116937;0.002954418;0.000947729;438.5811229;0.001013135;8.43525E-05;
672.2856006;0.002948351;0.000946095;439.3197926;0.0010038;8.36045E-05;
672.4594721;0.002942317;0.000944492;440.0582797;0.000994997;8.28956E-05;
672.6333085;0.002936346;0.000942916;440.796584;0.000986705;8.22254E-05;
672.8071096;0.002930468;0.000941365;441.5347056;0.000978893;8.15932E-05;
672.9808755;0.002924711;0.000939834;442.2726445;0.000971528;8.09981E-05;
673.1546061;0.002919097;0.000938319;443.0104006;0.000964577;8.04392E-05;
673.3283015;0.002913617;0.000936813;443.747974;0.000958006;7.99154E-05;
673.5019617;0.002908256;0.000935309;444.4853645;0.000951782;7.94259E-05;
673.6755867;0.002902997;0.000933799;445.2225723;0.000945872;7.89698E-05;
673.8491764;0.002897826;0.000932277;445.9595972;0.00094024;7.85451E-05;
674.022731;0.002892726;0.000930734;446.6964392;0.000934849;7.81465E-05;
674.1962503;0.00288768;0.000929165;447.4330984;0.000929659;7.77676E-05;
674.3697344;0.002882676;0.000927564;448.1695747;0.00092463;7.7402E-05;
674.5431833;0.002877708;0.000925936;448.9058681;0.000919723;7.70434E-05;
674.716597;0.002872771;0.000924288;449.6419786;0.000914898;7.66856E-05;
674.8899756;0.002867863;0.000922627;450.3779062;0.000910112;7.63226E-05;
675.0633189;0.002862979;0.000920961;451.1136508;0.00090531;7.59509E-05;
675.236627;0.002858117;0.000919296;451.8492124;0.000900431;7.55673E-05;
675.4098999;0.002853271;0.000917639;452.584591;0.000895414;7.51687E-05;
675.5831377;0.002848439;0.000915998;453.3197867;0.000890202;7.4752E-05;
675.7563402;0.002843619;0.000914373;454.0547993;0.000884733;7.43141E-05;
675.9295076;0.002838809;0.000912767;454.7896288;0.000878949;7.38518E-05;
676.1026398;0.002834006;0.000911181;455.5242753;0.0008728;7.33626E-05;
676.2757368;0.00282921;0.000909616;456.2587387;0.000866279;7.28451E-05;
676.4487986;0.002824417;0.000908074;456.9930191;0.000859387;7.22984E-05;
676.6218253;0.002819626;0.000906557;457.7271163;0.000852126;7.17218E-05;
676.7948168;0.002814836;0.000905065;458.4610304;0.000844499;7.11144E-05;
676.9677732;0.002810051;0.000903593;459.1947613;0.000836509;7.04754E-05;
677.1406944;0.002805276;0.000902137;459.9283091;0.000828156;6.98038E-05;
677.3135804;0.002800516;0.000900693;460.6616736;0.000819444;6.90992E-05;
677.4864313;0.002795776;0.000899254;461.394855;0.00081037;6.83618E-05;
677.659247;0.002791061;0.000897817;462.1278532;0.000800933;6.75924E-05;
677.8320276;0.002786376;0.000896377;462.8606681;0.000791132;6.67915E-05;
678.004773;0.002781726;0.000894929;463.5932998;0.000780965;6.59597E-05;
678.1774833;0.002777115;0.000893478;464.3257481;0.00077043;6.50977E-05;
678.3501584;0.002772548;0.00089203;465.0580132;0.000759528;6.42062E-05;
678.5227984;0.002768029;0.000890588;465.790095;0.000748275;6.32861E-05;
678.6954033;0.002763563;0.000889159;466.5219935;0.00073669;6.23383E-05;
678.8679731;0.002759153;0.000887748;467.2537086;0.000724789;6.13637E-05;
679.0405077;0.002754806;0.00088636;467.9852404;0.000712592;6.03634E-05;
679.2130072;0.002750522;0.000884999;468.7165888;0.000700116;5.93383E-05;
679.3854715;0.002746298;0.000883665;469.4477537;0.000687379;5.82894E-05;
679.5579008;0.002742125;0.000882356;470.1787353;0.000674401;5.72178E-05;
679.7302949;0.002737998;0.000881072;470.9095334;0.000661207;5.61256E-05;
679.902654;0.00273391;0.00087981;471.6401481;0.000647822;5.50152E-05;
680.0749779;0.002729853;0.000878571;472.3705793;0.000634273;5.38888E-05;
680.2472667;0.002725821;0.000877351;473.1008271;0.000620586;5.27487E-05;
680.4195204;0.002721809;0.00087615;473.8308913;0.000606785;5.15973E-05;
680.591739;0.002717818;0.000874966;474.560772;0.000592898;5.04369E-05;
680.7639225;0.002713851;0.000873797;475.2904692;0.000578956;4.92702E-05;
680.9360709;0.002709911;0.000872639;476.0199828;0.000565015;4.81022E-05;
681.1081843;0.002706;0.000871492;476.7493128;0.000551137;4.69382E-05;
681.2802625;0.002702122;0.000870353;477.4784593;0.000537383;4.57838E-05;
681.4523056;0.00269828;0.000869219;478.2074221;0.000523816;4.46443E-05;
681.6243137;0.002694475;0.000868088;478.9362013;0.000510498;4.3525E-05;
681.7962867;0.002690697;0.000866959;479.6647969;0.000497484;4.24311E-05;
681.9682246;0.002686935;0.000865831;480.3932088;0.000484815;4.13657E-05;
682.1401274;0.00268318;0.0008647;481.121437;0.000472525;4.0332E-05;
682.3119952;0.002679419;0.000863566;481.8494815;0.000460649;3.93327E-05;
682.4838279;0.002675643;0.000862427;482.5773423;0.000449223;3.83709E-05;
682.6556256;0.002671839;0.000861282;483.3050194;0.00043828;3.74494E-05;
682.8273881;0.002668003;0.000860129;484.0325127;0.000427855;3.65711E-05;
682.9991156;0.002664145;0.000858974;484.7598223;0.000417975;3.57385E-05;
683.1708081;0.002660283;0.000857822;485.486948;0.000408636;3.49516E-05;
683.3424655;0.002656433;0.000856681;486.21389;0.000399823;3.42098E-05;
683.5140879;0.002652612;0.000855555;486.9406481;0.000391525;3.35126E-05;
683.6856752;0.002648836;0.000854451;487.6672224;0.000383729;3.28595E-05;
683.8572275;0.002645123;0.000853376;488.3936129;0.000376422;3.22499E-05;
684.0287447;0.002641486;0.000852334;489.1198194;0.000369591;3.16834E-05;
684.2002269;0.002637937;0.000851328;489.8458421;0.000363222;3.11592E-05;
684.371674;0.002634483;0.000850361;490.5716809;0.000357294;3.06752E-05;
684.5430862;0.002631134;0.000849434;491.2973357;0.000351785;3.02292E-05;
684.7144633;0.002627899;0.000848549;492.0228066;0.000346672;2.9819E-05;
684.8858053;0.002624785;0.000847709;492.7480935;0.000341932;2.94423E-05;
685.0571124;0.002621801;0.000846915;493.4731964;0.000337543;2.90968E-05;
685.2283844;0.002618955;0.000846169;494.1981154;0.000333482;2.87803E-05;
685.3996215;0.002616244;0.000845466;494.9228503;0.000329728;2.84908E-05;
685.5708235;0.002613665;0.000844802;495.6474012;0.000326258;2.82261E-05;
685.7419905;0.002611215;0.000844171;496.371768;0.000323048;2.79842E-05;
685.9131224;0.002608891;0.00084357;497.0959508;0.000320079;2.77631E-05;
686.0842194;0.002606688;0.000842992;497.8199495;0.000317326;2.75606E-05;
686.2552814;0.002604604;0.000842433;498.543764;0.000314767;2.73748E-05;
686.4263084;0.002602635;0.000841888;499.2673945;0.000312383;2.72037E-05;
686.5973004;0.002600779;0.000841354;499.9908408;0.000310159;2.7046E-05;
686.7682574;0.002599035;0.000840827;500.7141029;0.000308083;2.69006E-05;
686.9391794;0.002597402;0.000840303;501.4371809;0.000306142;2.67663E-05;
687.1100664;0.002595876;0.00083978;502.1600747;0.000304324;2.66419E-05;
687.2809184;0.002594457;0.000839254;502.8827842;0.000302617;2.65264E-05;
687.4517355;0.002593144;0.000838722;503.6053096;0.000301008;2.64185E-05;
687.6225176;0.002591927;0.00083818;504.3276507;0.000299486;2.63172E-05;
687.7932647;0.002590773;0.00083763;505.0498075;0.000298042;2.6222E-05;
687.9639768;0.002589641;0.000837072;505.77178;0.00029667;2.61327E-05;
688.134654;0.002588489;0.000836507;506.4935683;0.000295363;2.60487E-05;
688.3052962;0.002587278;0.000835937;507.2151722;0.000294112;2.59699E-05;
688.4759035;0.002585966;0.000835363;507.9365918;0.000292912;2.58957E-05;
688.6464757;0.002584513;0.000834785;508.657827;0.000291756;2.5826E-05;
688.8170131;0.002582889;0.000834206;509.3788779;0.000290643;2.57607E-05;
688.9875154;0.002581109;0.000833627;510.0997443;0.000289575;2.56998E-05;
689.1579829;0.002579199;0.000833051;510.8204264;0.000288552;2.56433E-05;
689.3284153;0.002577185;0.000832481;511.5409241;0.000287574;2.55914E-05;
689.4988129;0.002575093;0.000831919;512.2612373;0.000286643;2.5544E-05;
689.6691755;0.002572949;0.000831369;512.981366;0.00028576;2.55012E-05;
689.8395031;0.002570778;0.000830833;513.7013102;0.000284924;2.5463E-05;
690.0097959;0.002568606;0.000830314;514.42107;0.000284136;2.54294E-05;
690.1800536;0.002566457;0.000829813;515.1406453;0.000283396;2.54005E-05;
690.3502765;0.002564356;0.000829332;515.860036;0.000282704;2.53761E-05;
690.5204644;0.002562324;0.000828875;516.5792422;0.00028206;2.53563E-05;
690.6906175;0.002560388;0.000828442;517.2982638;0.000281463;2.53411E-05;
690.8607355;0.002558569;0.000828037;518.0171008;0.000280915;2.53305E-05;
691.0308187;0.002556892;0.00082766;518.7357532;0.000280413;2.53243E-05;
691.200867;0.002555371;0.000827311;519.454221;0.000279948;2.53221E-05;
691.3708803;0.002553987;0.000826978;520.1725042;0.000279511;2.53234E-05;
691.5408588;0.002552711;0.000826647;520.8906027;0.000279092;2.53275E-05;
691.7108023;0.002551513;0.000826303;521.6085165;0.000278681;2.53339E-05;
691.880711;0.002550366;0.000825931;522.3262457;0.000278267;2.5342E-05;
692.0505847;0.00254924;0.000825516;523.0437901;0.000277844;2.53513E-05;
692.2204235;0.002548107;0.000825044;523.7611498;0.000277408;2.53617E-05;
692.3902275;0.002546946;0.000824505;524.4783248;0.00027696;2.53733E-05;
692.5599965;0.002545765;0.000823915;525.195315;0.0002765;2.53859E-05;
692.7297307;0.002544579;0.000823293;525.9121204;0.000276028;2.53996E-05;
692.89943;0.002543406;0.000822659;526.6287411;0.000275544;2.54144E-05;
693.0690944;0.00254226;0.000822033;527.3451769;0.000275048;2.54303E-05;
693.238724;0.002541157;0.000821435;528.0614279;0.00027454;2.54472E-05;
693.4083186;0.002540114;0.000820886;528.777494;0.000274024;2.54653E-05;
693.5778784;0.002539136;0.000820399;529.4933753;0.000273504;2.54846E-05;
693.7474033;0.002538198;0.00081997;530.2090717;0.000272982;2.55053E-05;
693.9168934;0.002537264;0.00081959;530.9245831;0.000272463;2.55275E-05;
694.0863486;0.002536297;0.00081925;531.6399097;0.000271949;2.55513E-05;
694.2557689;0.002535263;0.000818939;532.3550513;0.000271446;2.55767E-05;
694.4251544;0.002534125;0.000818648;533.070008;0.000270955;2.5604E-05;
694.594505;0.002532849;0.000818367;533.7847797;0.000270478;2.56331E-05;
694.7638208;0.002531407;0.000818088;534.4993664;0.000270017;2.56641E-05;
694.9331017;0.002529813;0.000817801;535.2137681;0.000269571;2.56972E-05;
695.1023478;0.002528089;0.000817498;535.9279848;0.000269144;2.57323E-05;
695.271559;0.002526255;0.00081717;536.6420164;0.000268735;2.57695E-05;
695.4407354;0.002524335;0.000816809;537.3558629;0.000268345;2.5809E-05;
695.609877;0.002522349;0.000816407;538.0695244;0.000267974;2.58506E-05;
695.7789837;0.00252032;0.000815954;538.7830008;0.000267622;2.58944E-05;
695.9480556;0.002518267;0.000815446;539.4962921;0.000267288;2.59402E-05;
696.1170927;0.002516201;0.000814892;540.2093982;0.000266973;2.59881E-05;
696.2860949;0.002514133;0.000814305;540.9223192;0.000266675;2.6038E-05;
696.4550623;0.002512071;0.000813698;541.635055;0.000266394;2.60899E-05;
696.623995;0.002510025;0.000813084;542.3476056;0.000266131;2.61436E-05;
696.7928928;0.002508004;0.000812477;543.0599711;0.000265887;2.61992E-05;
696.9617557;0.002506017;0.000811888;543.7721513;0.000265664;2.62566E-05;
697.1305839;0.002504076;0.000811328;544.4841462;0.000265464;2.63155E-05;
697.2993773;0.002502192;0.000810797;545.1959559;0.000265288;2.6376E-05;
697.4681359;0.002500382;0.000810294;545.9075804;0.00026514;2.6438E-05;
697.6368596;0.002498658;0.000809815;546.6190195;0.000265021;2.65014E-05;
697.8055486;0.002497035;0.000809358;547.3302733;0.000264932;2.6566E-05;
697.9742028;0.002495526;0.000808921;548.0413418;0.000264871;2.6632E-05;
698.1428222;0.002494148;0.000808501;548.752225;0.000264835;2.66991E-05;
698.3114068;0.002492904;0.000808097;549.4629228;0.000264822;2.67675E-05;
698.4799566;0.002491771;0.000807707;550.1734352;0.000264827;2.68371E-05;
698.6484717;0.002490715;0.000807331;550.8837622;0.000264849;2.6908E-05;
698.8169519;0.002489702;0.00080697;551.5939038;0.000264885;2.698E-05;
698.9853974;0.0024887;0.000806622;552.30386;0.000264935;2.7053E-05;
699.1538081;0.002487676;0.000806287;553.0136307;0.000264998;2.71269E-05;
699.3221841;0.002486595;0.000805965;553.7232159;0.000265076;2.72017E-05;
699.4905252;0.002485432;0.000805654;554.4326157;0.000265168;2.7277E-05;
699.6588317;0.00248418;0.000805348;555.1418299;0.000265274;2.73529E-05;
699.8271033;0.00248284;0.00080504;555.8508586;0.000265395;2.74292E-05;
699.9953402;0.00248141;0.000804722;556.5597018;0.000265531;2.75057E-05;
700.1635424;0.002479892;0.000804387;557.2683594;0.000265683;2.75827E-05;
700.3317097;0.002478284;0.000804026;557.9768315;0.000265852;2.76601E-05;
700.4998424;0.002476588;0.000803634;558.685118;0.000266038;2.77381E-05;
700.6679403;0.002474806;0.000803205;559.3932188;0.000266243;2.78169E-05;
700.8360035;0.002472963;0.000802742;560.101134;0.000266469;2.78965E-05;
701.0040319;0.002471086;0.000802251;560.8088636;0.000266714;2.79772E-05;
701.1720256;0.002469202;0.000801738;561.5164075;0.000266982;2.80589E-05;
701.3399845;0.002467339;0.000801208;562.2237657;0.00026727;2.81415E-05;
701.5079087;0.002465523;0.000800668;562.9309382;0.000267577;2.82246E-05;
701.6757982;0.002463783;0.000800122;563.637925;0.000267904;2.8308E-05;
701.843653;0.002462139;0.000799576;564.3447261;0.000268248;2.83914E-05;
702.011473;0.002460585;0.000799037;565.0513414;0.000268609;2.84745E-05;
702.1792584;0.002459109;0.000798507;565.757771;0.000268985;2.85571E-05;
702.347009;0.002457697;0.000797994;566.4640147;0.000269376;2.86393E-05;
702.5147249;0.002456338;0.000797501;567.1700727;0.000269779;2.87211E-05;
702.6824061;0.002455018;0.000797033;567.8759448;0.000270194;2.88027E-05;
702.8500526;0.002453726;0.000796596;568.5816311;0.000270618;2.88841E-05;
703.0176643;0.002452452;0.000796193;569.2871315;0.000271051;2.89656E-05;
703.1852414;0.0024512;0.000795818;569.9924461;0.000271491;2.90471E-05;
703.3527838;0.002449977;0.000795464;570.6975747;0.000271938;2.91289E-05;
703.5202915;0.002448793;0.000795125;571.4025175;0.000272397;2.92115E-05;
703.6877645;0.002447653;0.000794793;572.1072743;0.000272874;2.92956E-05;
703.8552028;0.002446566;0.000794461;572.8118452;0.000273376;2.93816E-05;
704.0226065;0.002445539;0.000794123;573.5162301;0.000273909;2.94703E-05;
704.1899754;0.002444577;0.000793772;574.220429;0.000274479;2.95623E-05;
704.3573097;0.002443672;0.000793412;574.9244419;0.000275093;2.9658E-05;
704.5246093;0.002442811;0.000793045;575.6282688;0.000275758;2.97582E-05;
704.6918742;0.002441984;0.000792675;576.3319097;0.00027648;2.98637E-05;
704.8591044;0.002441179;0.000792305;577.0353645;0.00027727;2.99754E-05;
705.0263;0.002440385;0.00079194;577.7386332;0.000278134;3.00941E-05;
705.193461;0.00243959;0.000791582;578.4417158;0.000279082;3.02206E-05;
705.3605872;0.002438785;0.000791235;579.1446124;0.000280122;3.03558E-05;
705.5276788;0.002437966;0.000790897;579.8473228;0.000281258;3.05002E-05;
705.6947358;0.002437131;0.000790567;580.5498471;0.000282483;3.06531E-05;
705.8617581;0.002436277;0.000790242;581.2521852;0.000283785;3.08131E-05;
706.0287457;0.002435403;0.000789921;581.9543371;0.000285152;3.09791E-05;
706.1956987;0.002434506;0.000789602;582.6563028;0.000286573;3.115E-05;
706.3626171;0.002433583;0.000789283;583.3580824;0.000288037;3.13245E-05;
706.5295008;0.002432636;0.000788962;584.0596756;0.000289531;3.15016E-05;
706.6963499;0.002431672;0.000788639;584.7610827;0.000291044;3.16798E-05;
706.8631643;0.002430701;0.000788313;585.4623035;0.000292554;3.18572E-05;
707.0299441;0.002429733;0.000787985;586.163338;0.000294041;3.20318E-05;
707.1966893;0.002428777;0.000787652;586.8641861;0.000295484;3.22015E-05;
707.3633999;0.002427845;0.000787316;587.564848;0.00029686;3.23641E-05;
707.5300758;0.002426947;0.000786976;588.2653235;0.000298148;3.25177E-05;
707.6967172;0.002426083;0.000786631;588.9656127;0.000299326;3.26602E-05;
707.8633239;0.002425227;0.000786281;589.6657155;0.00030038;3.279E-05;
708.029896;0.002424343;0.000785926;590.3656319;0.000301316;3.29085E-05;
708.1964334;0.002423394;0.000785564;591.0653619;0.000302144;3.30173E-05;
708.3629363;0.002422346;0.000785197;591.7649055;0.000302878;3.31182E-05;
708.5294046;0.002421162;0.000784821;592.4642626;0.000303529;3.32131E-05;
708.6958383;0.002419807;0.000784439;593.1634333;0.000304109;3.33037E-05;
708.8622374;0.00241826;0.000784049;593.8624175;0.000304629;3.33917E-05;
709.0286018;0.002416561;0.000783657;594.5612152;0.000305099;3.34785E-05;
709.1949317;0.002414763;0.000783269;595.2598264;0.000305529;3.35655E-05;
709.361227;0.00241292;0.000782889;595.958251;0.00030593;3.36539E-05;
709.5274878;0.002411084;0.000782524;596.6564891;0.00030631;3.37452E-05;
709.6937139;0.002409311;0.000782179;597.3545407;0.00030668;3.38406E-05;
709.8599055;0.002407653;0.00078186;598.0524056;0.000307049;3.39415E-05;
710.0260624;0.002406152;0.00078157;598.7500839;0.000307426;3.40487E-05;
710.1921848;0.002404807;0.000781304;599.4475757;0.000307814;3.41615E-05;
710.3582727;0.002403605;0.000781053;600.1448807;0.000308216;3.42789E-05;
710.5243259;0.002402533;0.00078081;600.8419992;0.000308634;3.43996E-05;
710.6903447;0.002401577;0.000780567;601.5389309;0.000309071;3.45226E-05;
710.8563288;0.002400726;0.000780316;602.235676;0.000309528;3.46466E-05;
711.0222784;0.002399966;0.00078005;602.9322343;0.000310009;3.47706E-05;
711.1881934;0.002399281;0.000779761;603.628606;0.000310516;3.48935E-05;
711.3540739;0.002398645;0.000779451;604.3247908;0.00031105;3.50152E-05;
711.5199198;0.002398028;0.000779121;605.020789;0.000311616;3.51356E-05;
711.6857312;0.0023974;0.000778775;605.7166003;0.000312215;3.52546E-05;
711.851508;0.002396732;0.000778415;606.4122248;0.00031285;3.5372E-05;
712.0172503;0.002395994;0.000778042;607.1076625;0.000313523;3.5488E-05;
712.1829581;0.002395157;0.000777659;607.8029134;0.000314238;3.56022E-05;
712.3486313;0.0023942;0.000777268;608.4979775;0.000314997;3.57149E-05;
712.51427;0.002393138;0.000776875;609.1928546;0.000315801;3.58263E-05;
712.6798742;0.002391993;0.000776484;609.8875449;0.000316655;3.5937E-05;
712.8454438;0.002390789;0.000776099;610.5820483;0.000317559;3.60475E-05;
713.0109789;0.002389549;0.000775726;611.2763647;0.000318517;3.61583E-05;
713.1764795;0.002388295;0.000775369;611.9704943;0.00031953;3.62698E-05;
713.3419456;0.002387052;0.000775033;612.6644368;0.0003206;3.63824E-05;
713.5073772;0.002385839;0.000774721;613.3581924;0.000321721;3.64961E-05;
713.6727743;0.002384667;0.000774429;614.051761;0.000322886;3.66106E-05;
713.8381368;0.002383543;0.000774151;614.7451426;0.00032409;3.67256E-05;
714.0034649;0.002382475;0.000773882;615.4383371;0.000325324;3.68411E-05;
714.1687584;0.002381471;0.000773616;616.1313446;0.000326583;3.69567E-05;
714.3340175;0.002380539;0.000773348;616.8241651;0.000327859;3.70722E-05;
714.499242;0.002379685;0.000773072;617.5167984;0.000329148;3.71875E-05;
714.6644321;0.002378914;0.000772783;618.2092447;0.00033045;3.73027E-05;
714.8295876;0.002378209;0.000772482;618.9015038;0.000331766;3.74179E-05;
714.9947087;0.002377552;0.000772172;619.5935758;0.000333097;3.75335E-05;
715.1597953;0.00237692;0.000771854;620.2854607;0.000334447;3.76495E-05;
715.3248475;0.002376296;0.000771531;620.9771584;0.000335815;3.77662E-05;
715.4898651;0.002375657;0.000771205;621.6686689;0.000337205;3.78837E-05;
715.6548483;0.002374986;0.000770878;622.3599921;0.000338616;3.80022E-05;
715.819797;0.002374263;0.000770551;623.0511282;0.00034005;3.81223E-05;
715.9847112;0.002373477;0.000770225;623.742077;0.000341505;3.82443E-05;
716.149591;0.002372617;0.000769901;624.4328386;0.000342983;3.83687E-05;
716.3144363;0.002371672;0.000769577;625.1234129;0.000344481;3.84959E-05;
716.4792471;0.002370634;0.000769255;625.8137999;0.000346001;3.86264E-05;
716.6440235;0.002369491;0.000768935;626.5039996;0.000347542;3.87605E-05;
716.8087655;0.002368233;0.000768616;627.1940119;0.000349103;3.88981E-05;
716.9734729;0.002366857;0.0007683;627.8838369;0.000350682;3.90389E-05;
717.138146;0.002365391;0.000767989;628.5734746;0.000352281;3.91825E-05;
717.3027846;0.00236387;0.000767688;629.2629249;0.000353897;3.93287E-05;
717.4673887;0.002362327;0.000767399;629.9521877;0.000355529;3.94773E-05;
717.6319585;0.002360797;0.000767127;630.6412632;0.000357177;3.96278E-05;
717.7964937;0.002359315;0.000766876;631.3301512;0.00035884;3.97801E-05;
717.9609946;0.002357915;0.000766649;632.0188517;0.000360516;3.99339E-05;
718.125461;0.002356624;0.000766449;632.7073648;0.0003622;4.00889E-05;
718.289893;0.002355443;0.000766274;633.3956904;0.000363892;4.02448E-05;
718.4542906;0.002354362;0.000766119;634.0838285;0.000365587;4.04014E-05;
718.6186537;0.002353374;0.000765982;634.771779;0.000367283;4.05584E-05;
718.7829825;0.002352472;0.000765858;635.4595421;0.000368978;4.07156E-05;
718.9472768;0.002351647;0.000765745;636.1471175;0.000370669;4.08727E-05;
719.1115367;0.002350892;0.000765637;636.8345054;0.000372356;4.10295E-05;
719.2757622;0.002350197;0.000765533;637.5217057;0.000374038;4.11861E-05;
719.4399533;0.002349536;0.000765429;638.2087184;0.000375715;4.13424E-05;
719.60411;0.002348882;0.000765323;638.8955434;0.000377387;4.14983E-05;
719.7682323;0.002348209;0.00076521;639.5821808;0.000379054;4.16537E-05;
719.9323202;0.002347489;0.00076509;640.2686305;0.000380717;4.18086E-05;
720.0963737;0.002346695;0.000764958;640.9548926;0.000382374;4.19629E-05;
720.2603928;0.002345799;0.000764812;641.6409669;0.000384029;4.21169E-05;
720.4243776;0.002344785;0.000764649;642.3268536;0.000385681;4.22705E-05;
720.5883279;0.002343679;0.000764469;643.0125524;0.000387331;4.24238E-05;
720.7522439;0.002342517;0.000764272;643.6980636;0.000388979;4.25769E-05;
720.9161255;0.002341335;0.000764056;644.3833869;0.000390628;4.27298E-05;
721.0799727;0.002340169;0.000763822;645.0685225;0.000392277;4.28825E-05;
721.2437855;0.002339055;0.000763569;645.7534703;0.000393926;4.30353E-05;
721.407564;0.00233803;0.000763297;646.4382302;0.000395576;4.31883E-05;
721.5713081;0.002337119;0.000763006;647.1228023;0.000397227;4.33415E-05;
721.7350179;0.002336301;0.000762701;647.8071865;0.000398878;4.34952E-05;
721.8986933;0.002335546;0.000762385;648.4913829;0.000400529;4.36495E-05;
722.0623343;0.002334824;0.000762065;649.1753914;0.000402181;4.38045E-05;
722.225941;0.002334104;0.000761746;649.8592119;0.000403834;4.39603E-05;
722.3895133;0.002333355;0.000761432;650.5428445;0.000405491;4.41171E-05;
722.5530513;0.002332547;0.000761128;651.2262892;0.000407157;4.42747E-05;
722.7165549;0.002331658;0.000760839;651.9095459;0.000408834;4.44333E-05;
722.8800242;0.002330696;0.000760568;652.5926146;0.000410527;4.45928E-05;
723.0434592;0.002329678;0.000760318;653.2754953;0.00041224;4.47532E-05;
723.2068598;0.002328622;0.000760093;653.958188;0.000413974;4.49146E-05;
723.3702261;0.002327544;0.000759894;654.6406926;0.000415726;4.50767E-05;
723.533558;0.00232646;0.000759724;655.3230092;0.000417489;4.52392E-05;
723.6968557;0.002325389;0.000759587;656.0051378;0.000419258;4.54017E-05;
723.860119;0.002324346;0.000759483;656.6870782;0.000421028;4.55641E-05;
724.0233479;0.002323344;0.000759405;657.3688305;0.000422792;4.57259E-05;
724.1865426;0.002322398;0.000759344;658.0503947;0.000424544;4.58869E-05;
724.349703;0.002321521;0.000759291;658.7317708;0.000426281;4.60469E-05;
724.512829;0.002320727;0.000759236;659.4129586;0.000428006;4.62059E-05;
724.6759207;0.002320027;0.00075917;660.0939584;0.000429722;4.63641E-05;
724.8389782;0.002319437;0.000759084;660.7747699;0.000431435;4.65217E-05;
725.0020013;0.002318961;0.000758971;661.4553932;0.000433149;4.66787E-05;
725.1649901;0.002318571;0.000758832;662.1358282;0.000434868;4.68354E-05;
725.3279447;0.002318232;0.00075867;662.816075;0.000436598;4.69918E-05;
725.4908649;0.002317909;0.000758489;663.4961336;0.000438342;4.71482E-05;
725.6537508;0.002317565;0.000758292;664.1760038;0.000440109;4.73052E-05;
725.8166025;0.002317167;0.000758081;664.8556858;0.000441905;4.74633E-05;
725.9794199;0.002316677;0.000757861;665.5351794;0.00044374;4.76232E-05;
726.142203;0.002316071;0.000757634;666.2144847;0.000445621;4.77855E-05;
726.3049518;0.002315362;0.000757405;666.8936017;0.000447556;4.79508E-05;
726.4676663;0.002314572;0.000757181;667.5725302;0.00044955;4.81197E-05;
726.6303466;0.002313724;0.000756965;668.2512704;0.000451603;4.82923E-05;
726.7929926;0.002312841;0.000756763;668.9298222;0.000453712;4.84686E-05;
726.9556043;0.002311945;0.000756581;669.6081855;0.000455876;4.86487E-05;
727.1181818;0.00231106;0.000756422;670.2863604;0.00045809;4.88325E-05;
727.280725;0.002310202;0.000756292;670.9643468;0.000460352;4.90201E-05;
727.4432339;0.002309367;0.000756183;671.6421447;0.000462661;4.92116E-05;
727.6057086;0.002308546;0.000756087;672.3197542;0.000465012;4.94069E-05;
727.7681491;0.002307729;0.000755998;672.9971751;0.000467404;4.96056E-05;
727.9305553;0.002306906;0.000755908;673.6744075;0.00046983;4.98076E-05;
728.0929272;0.002306069;0.000755807;674.3514513;0.00047229;5.00122E-05;
728.2552649;0.002305207;0.00075569;675.0283066;0.000474777;5.02193E-05;
728.4175684;0.002304314;0.00075555;675.7049733;0.000477289;5.04285E-05;
728.5798376;0.002303396;0.000755391;676.3814514;0.000479823;5.06393E-05;
728.7420727;0.002302461;0.000755219;677.0577408;0.000482374;5.08516E-05;
728.9042734;0.002301518;0.00075504;677.7338417;0.000484944;5.10655E-05;
729.06644;0.002300576;0.000754859;678.4097538;0.000487532;5.12812E-05;
729.2285723;0.002299643;0.000754682;679.0854773;0.00049014;5.14991E-05;
729.3906704;0.002298727;0.000754516;679.7610121;0.000492768;5.17194E-05;
729.5527343;0.002297837;0.000754365;680.4363582;0.000495417;5.19424E-05;
729.7147639;0.002296982;0.00075423;681.1115155;0.000498087;5.21682E-05;
729.8767594;0.002296169;0.000754111;681.7864841;0.00050078;5.2397E-05;
730.0387206;0.002295408;0.000754008;682.461264;0.000503495;5.26287E-05;
730.2006477;0.002294706;0.00075392;683.135855;0.000506233;5.28633E-05;
730.3625405;0.002294072;0.000753849;683.8102573;0.000508994;5.31008E-05;
730.5243991;0.002293513;0.000753793;684.4844707;0.00051178;5.33412E-05;
730.6862236;0.002293032;0.000753751;685.1584953;0.00051459;5.35845E-05;
730.8480138;0.0022926;0.000753721;685.8323311;0.000517425;5.38308E-05;
731.0097699;0.002292184;0.000753695;686.505978;0.00052029;5.40802E-05;
731.1714917;0.002291748;0.00075367;687.179436;0.000523189;5.43332E-05;
731.3331794;0.00229126;0.000753639;687.852705;0.000526126;5.459E-05;
731.4948329;0.002290683;0.000753598;688.5257852;0.000529105;5.48509E-05;
731.6564522;0.002289986;0.000753542;689.1986764;0.000532132;5.51163E-05;
731.8180374;0.002289144;0.000753466;689.8713787;0.00053521;5.53864E-05;
731.9795883;0.002288185;0.000753374;690.543892;0.000538342;5.56614E-05;
732.1411051;0.002287147;0.000753267;691.2162163;0.000541522;5.59412E-05;
732.3025878;0.002286069;0.000753151;691.8883516;0.000544743;5.62256E-05;
732.4640362;0.002284988;0.000753027;692.5602978;0.000547997;5.65143E-05;
732.6254505;0.002283944;0.0007529;693.232055;0.000551276;5.6807E-05;
732.7868307;0.002282974;0.000752773;693.9036231;0.000554573;5.71035E-05;
732.9481767;0.002282107;0.000752649;694.5750022;0.00055788;5.74035E-05;
733.1094885;0.002281331;0.000752527;695.2461922;0.000561196;5.77063E-05;
733.2707662;0.002280623;0.000752406;695.917193;0.000564519;5.80113E-05;
733.4320098;0.002279961;0.000752284;696.5880047;0.000567847;5.83178E-05;
733.5932192;0.002279324;0.000752161;697.2586272;0.000571179;5.8625E-05;
733.7543944;0.002278689;0.000752036;697.9290606;0.000574513;5.89324E-05;
733.9155356;0.002278034;0.000751906;698.5993048;0.000577847;5.92392E-05;
734.0766426;0.002277342;0.000751772;699.2693598;0.000581181;5.95448E-05;
734.2377154;0.002276609;0.000751632;699.9392255;0.000584511;5.98492E-05;
734.3987542;0.002275836;0.000751486;700.608902;0.000587835;6.01521E-05;
734.5597588;0.002275026;0.000751334;701.2783893;0.000591152;6.04537E-05;
734.7207293;0.002274178;0.000751175;701.9476872;0.000594457;6.07537E-05;
734.8816656;0.002273294;0.00075101;702.6167959;0.000597749;6.10523E-05;
735.0425679;0.002272376;0.000750836;703.2857153;0.000601026;6.13493E-05;
735.203436;0.002271428;0.000750656;703.9544453;0.000604285;6.16447E-05;
735.36427;0.002270478;0.000750475;704.622986;0.000607526;6.19391E-05;
735.52507;0.002269554;0.000750302;705.2913373;0.000610747;6.22328E-05;
735.6858358;0.002268687;0.000750144;705.9594992;0.000613949;6.25265E-05;
735.8465675;0.002267908;0.000750009;706.6274718;0.00061713;6.28207E-05;
736.0072651;0.002267247;0.000749905;707.2952549;0.00062029;6.31158E-05;
736.1679287;0.002266734;0.000749839;707.9628485;0.000623431;6.34123E-05;
736.3285581;0.002266385;0.000749816;708.6302527;0.000626555;6.37109E-05;
736.4891535;0.00226616;0.00074983;709.2974675;0.000629671;6.40119E-05;
736.6497147;0.002266006;0.000749873;709.9644927;0.000632784;6.4316E-05;
736.8102419;0.002265868;0.000749938;710.6313285;0.000635899;6.46237E-05;
736.970735;0.002265694;0.000750014;711.2979747;0.000639024;6.49354E-05;
737.131194;0.00226543;0.000750094;711.9644314;0.000642164;6.52517E-05;
737.291619;0.002265023;0.000750169;712.6306985;0.000645325;6.55729E-05;
737.4520098;0.002264431;0.000750233;713.296776;0.000648506;6.58988E-05;
737.6123667;0.002263665;0.000750285;713.962664;0.000651709;6.62287E-05;
737.7726894;0.002262748;0.000750326;714.6283623;0.000654932;6.65621E-05;
737.9329781;0.002261704;0.000750356;715.293871;0.000658175;6.68985E-05;
738.0932327;0.002260556;0.000750377;715.95919;0.000661438;6.72374E-05;
738.2534533;0.002259325;0.000750389;716.6243194;0.000664722;6.75783E-05;
738.4136398;0.002258037;0.000750394;717.2892591;0.000668024;6.79207E-05;
738.5737923;0.002256714;0.000750392;717.9540091;0.000671347;6.82647E-05;
738.7339107;0.002255389;0.000750384;718.6185693;0.00067469;6.86105E-05;
738.8939951;0.002254095;0.000750374;719.2829399;0.000678053;6.89583E-05;
739.0540454;0.002252865;0.000750361;719.9471206;0.000681437;6.93083E-05;
739.2140617;0.002251731;0.000750348;720.6111116;0.000684842;6.96606E-05;
739.374044;0.002250728;0.000750336;721.2749128;0.000688267;7.00154E-05;
739.5339922;0.002249887;0.000750327;721.9385242;0.000691714;7.03728E-05;
739.6939064;0.002249231;0.000750322;722.6019458;0.000695181;7.07329E-05;
739.8537866;0.002248738;0.000750321;723.2651775;0.00069867;7.10957E-05;
740.0136328;0.002248378;0.000750322;723.9282194;0.00070218;7.14615E-05;
740.1734449;0.002248119;0.000750324;724.5910713;0.000705711;7.18302E-05;
740.333223;0.002247928;0.000750326;725.2537334;0.000709263;7.2202E-05;
740.4929671;0.002247775;0.000750328;725.9162056;0.000712837;7.25769E-05;
740.6526772;0.002247627;0.000750327;726.5784878;0.000716442;7.29552E-05;
740.8123533;0.002247457;0.000750324;727.2405801;0.000720086;7.33372E-05;
740.9719954;0.002247248;0.000750313;727.9024824;0.000723779;7.37232E-05;
741.1316035;0.002246988;0.000750291;728.5641947;0.000727529;7.41134E-05;
741.2911776;0.002246665;0.000750255;729.2257171;0.000731345;7.45082E-05;
741.4507177;0.002246265;0.0007502;729.8870494;0.000735237;7.49079E-05;
741.6102238;0.002245776;0.000750122;730.5481916;0.00073921;7.53125E-05;
741.7696959;0.002245186;0.000750018;731.2091438;0.000743259;7.57225E-05;
741.929134;0.002244488;0.000749886;731.8699059;0.000747374;7.61379E-05;
742.0885382;0.002243703;0.000749734;732.530478;0.000751548;7.65588E-05;
742.2479083;0.002242858;0.000749572;733.1908599;0.00075577;7.69855E-05;
742.4072445;0.002241979;0.00074941;733.8510517;0.000760033;7.74181E-05;
742.5665467;0.002241095;0.000749259;734.5110533;0.000764328;7.78566E-05;
742.725815;0.00224023;0.000749128;735.1708648;0.000768651;7.83003E-05;
742.8850492;0.002239413;0.000749029;735.8304861;0.000772997;7.87483E-05;
743.0442495;0.002238663;0.000748968;736.4899172;0.000777363;7.91997E-05;
743.2034159;0.002237968;0.000748942;737.1491581;0.000781745;7.96538E-05;
743.3625483;0.002237311;0.000748947;737.8082088;0.000786139;8.01095E-05;
743.5216467;0.002236673;0.000748975;738.4670692;0.00079054;8.05662E-05;
743.6807112;0.002236035;0.000749022;739.1257393;0.000794948;8.10232E-05;
743.8397417;0.002235379;0.000749081;739.7842192;0.000799366;8.1481E-05;
743.9987383;0.002234687;0.000749147;740.4425087;0.000803799;8.19407E-05;
744.1577009;0.002233944;0.000749215;741.1006079;0.000808253;8.24031E-05;
744.3166296;0.00223315;0.000749277;741.7585168;0.000812735;8.28691E-05;
744.4755243;0.002232307;0.00074933;742.4162353;0.000817249;8.33396E-05;
744.6343852;0.002231419;0.000749366;743.0737635;0.000821801;8.38154E-05;
744.793212;0.002230487;0.000749379;743.7311012;0.000826398;8.42976E-05;
744.952005;0.002229516;0.000749365;744.3882485;0.000831048;8.47872E-05;
745.110764;0.002228509;0.000749317;745.0452054;0.000835763;8.52853E-05;
745.2694891;0.002227472;0.000749232;745.7019719;0.000840552;8.5793E-05;
745.4281803;0.002226437;0.000749115;746.3585479;0.000845425;8.63116E-05;
745.5868376;0.002225439;0.000748977;747.0149334;0.000850392;8.68421E-05;
745.7454609;0.002224511;0.000748825;747.6711284;0.000855463;8.73854E-05;
745.9040504;0.002223689;0.000748667;748.3271329;0.000860641;8.79419E-05;
746.0626059;0.002223008;0.000748514;748.9829469;0.000865929;8.85117E-05;
746.2211276;0.002222503;0.000748373;749.6385703;0.00087133;8.90949E-05;
746.3796153;0.002222197;0.000748251;750.2940031;0.000876847;8.96917E-05;
746.5380691;0.002222067;0.000748152;750.9492454;0.000882483;9.03022E-05;
746.6964891;0.002222078;0.000748077;751.604297;0.00088824;9.09265E-05;
746.8548751;0.002222196;0.000748028;752.259158;0.000894119;9.15644E-05;
747.0132273;0.002222386;0.000748006;752.9138284;0.000900115;9.22149E-05;
747.1715455;0.002222614;0.000748012;753.5683081;0.00090622;9.28764E-05;
747.3298299;0.002222844;0.000748049;754.2225971;0.000912427;9.35474E-05;
747.4880804;0.002223045;0.000748115;754.8766955;0.000918729;9.42265E-05;
747.646297;0.002223187;0.000748205;755.5306031;0.000925116;9.49122E-05;
747.8044798;0.002223242;0.000748309;756.18432;0.000931584;9.56031E-05;
747.9626287;0.002223182;0.00074842;756.8378461;0.000938124;9.62978E-05;
748.1207437;0.002222979;0.000748529;757.4911815;0.000944733;9.69958E-05;
748.2788248;0.002222607;0.000748626;758.1443261;0.00095141;9.76964E-05;
748.4368721;0.002222037;0.000748705;758.7972799;0.000958152;9.8399E-05;
748.5948855;0.002221257;0.000748759;759.4500429;0.000964957;9.91032E-05;
748.7528651;0.00222032;0.000748795;760.102615;0.000971822;9.98084E-05;
748.9108108;0.00221929;0.000748823;760.7549963;0.000978745;0.000100514;
749.0687226;0.002218237;0.000748853;761.4071867;0.000985721;0.000101221;
749.2266006;0.002217226;0.000748894;762.0591863;0.000992744;0.000101931;
749.3844448;0.002216324;0.000748956;762.7109949;0.000999807;0.000102643;
749.5422551;0.002215599;0.00074905;763.3626126;0.001006905;0.000103358;
749.7000316;0.002215099;0.00074918;764.0140393;0.001014033;0.000104078;
749.8577743;0.002214809;0.000749338;764.6652751;0.001021184;0.000104804;
750.0154831;0.002214697;0.000749509;765.3163199;0.001028354;0.000105535;
750.1731581;0.00221473;0.000749682;765.9671737;0.001035553;0.000106273;
750.3307992;0.002214875;0.000749842;766.6178365;0.001042788;0.000107018;
750.4884066;0.0022151;0.000749977;767.2683083;0.001050069;0.000107772;
750.6459801;0.002215373;0.000750073;767.918589;0.001057407;0.000108536;
750.8035198;0.002215662;0.000750119;768.5686787;0.001064811;0.000109309;
750.9610257;0.002215939;0.000750119;769.2185773;0.00107229;0.000110093;
751.1184977;0.002216178;0.000750076;769.8682847;0.001079854;0.000110888;
751.275936;0.002216351;0.000749996;770.5178011;0.001087511;0.000111696;
751.4333405;0.002216432;0.000749884;771.1671263;0.001095269;0.000112517;
751.5907111;0.002216393;0.000749744;771.8162603;0.001103136;0.000113351;
751.748048;0.002216208;0.000749582;772.4652032;0.00111112;0.000114199;
751.905351;0.002215861;0.000749404;773.1139549;0.001119229;0.000115062;
752.0626203;0.002215381;0.000749221;773.7625154;0.001127458;0.000115939;
752.2198558;0.002214807;0.000749046;774.4108846;0.001135754;0.000116827;
752.3770574;0.00221418;0.000748893;775.0590626;0.001144053;0.000117721;
752.5342254;0.00221354;0.000748775;775.7070494;0.00115229;0.000118617;
752.6913595;0.002212926;0.000748704;776.3548448;0.0011604;0.000119511;
752.8484598;0.002212377;0.000748694;777.002449;0.001168319;0.000120396;
753.0055264;0.002211926;0.000748752;777.6498619;0.001175982;0.000121271;
753.1625592;0.002211567;0.000748868;778.2970834;0.00118333;0.000122128;
753.3195582;0.002211289;0.000749024;778.9441136;0.001190327;0.000122963;
753.4765235;0.002211077;0.000749205;779.5909524;0.001196943;0.000123767;
753.633455;0.00221092;0.000749394;780.2375998;0.001203146;0.000124535;
753.7903527;0.002210805;0.000749575;780.8840558;0.001208906;0.000125259;
753.9472167;0.002210718;0.000749731;781.5303204;0.001214192;0.000125932;
754.1040469;0.002210648;0.000749851;782.1763935;0.001218973;0.000126548;
754.2608434;0.002210583;0.000749934;782.8222752;0.001223233;0.000127102;
754.4176061;0.002210512;0.000749985;783.4679654;0.001227007;0.000127595;
754.5743351;0.002210425;0.000750008;784.1134642;0.001230343;0.00012803;
754.7310303;0.00221031;0.000750007;784.7587714;0.001233291;0.000128412;
754.8876918;0.002210156;0.000749986;785.4038871;0.001235898;0.000128744;
755.0443195;0.002209953;0.000749948;786.0488112;0.001238213;0.000129029;
755.2009136;0.002209693;0.0007499;786.6935438;0.001240287;0.000129271;
755.3574739;0.002209383;0.000749846;787.3380848;0.001242188;0.00012948;
755.5140004;0.002209033;0.000749795;787.9824342;0.001243982;0.000129664;
755.6704933;0.002208652;0.000749754;788.626592;0.00124574;0.000129834;
755.8269524;0.002208251;0.00074973;789.2705582;0.001247529;0.000129999;
755.9833778;0.00220784;0.000749729;789.9143327;0.001249418;0.000130168;
756.1397695;0.002207428;0.00074976;790.5579155;0.001251475;0.00013035;
756.2961275;0.002207024;0.000749826;791.2013067;0.001253764;0.000130555;
756.4524517;0.002206628;0.000749921;791.8445061;0.001256327;0.000130787;
756.6087423;0.002206238;0.000750033;792.4875138;0.001259199;0.00013105;
756.7649992;0.002205852;0.000750152;793.1303298;0.001262418;0.000131349;
756.9212223;0.002205468;0.00075027;793.772954;0.001266021;0.000131688;
757.0774118;0.002205084;0.000750375;794.4153865;0.001270042;0.00013207;
757.2335675;0.002204699;0.000750457;795.0576271;0.00127452;0.0001325;
757.3896896;0.002204314;0.000750509;795.699676;0.001279484;0.000132981;
757.545778;0.002203937;0.000750536;796.341533;0.00128494;0.000133514;
757.7018327;0.002203581;0.000750543;796.9831981;0.001290891;0.000134097;
757.8578537;0.002203259;0.000750539;797.6246714;0.001297335;0.000134732;
758.0138411;0.002202982;0.000750529;798.2659529;0.001304275;0.000135417;
758.1697947;0.002202762;0.000750521;798.9070424;0.001311711;0.000136152;
758.3257147;0.002202612;0.000750522;799.54794;0.00131964;0.000136936;
758.481601;0.002202539;0.000750537;800.1886457;0.001328047;0.00013777;
758.6374537;0.002202536;0.000750568;800.8291594;0.001336916;0.000138654;
758.7932727;0.002202591;0.000750613;801.4694811;0.001346227;0.000139587;
758.949058;0.002202693;0.000750673;802.1096109;0.001355963;0.000140569;
759.1048097;0.002202831;0.000750748;802.7495486;0.001366106;0.000141601;
759.2605277;0.002202993;0.000750836;803.3892944;0.001376639;0.000142682;
759.416212;0.002203167;0.000750938;804.028848;0.001387544;0.000143813;
759.5718628;0.00220334;0.000751052;804.6682097;0.001398808;0.00014499;
759.7274798;0.002203494;0.000751172;805.3073792;0.001410419;0.000146213;
759.8830633;0.002203609;0.000751289;805.9463567;0.001422364;0.000147479;
760.038613;0.002203663;0.000751397;806.585142;0.001434631;0.000148787;
760.1941292;0.002203636;0.000751487;807.2237352;0.001447207;0.000150133;
760.3496117;0.002203508;0.000751553;807.8621363;0.001460081;0.000151517;
760.5050606;0.002203258;0.000751585;808.5003452;0.001473238;0.000152935;
760.6604758;0.002202876;0.000751581;809.1383619;0.001486653;0.000154384;
760.8158575;0.002202389;0.000751549;809.7761864;0.001500299;0.00015586;
760.9712055;0.002201833;0.000751503;810.4138187;0.001514149;0.000157358;
761.1265199;0.002201245;0.000751455;811.0512588;0.001528176;0.000158876;
761.2818006;0.002200661;0.000751418;811.6885066;0.001542355;0.000160407;
761.4370478;0.002200117;0.000751405;812.3255622;0.001556658;0.00016195;
761.5922613;0.00219965;0.000751429;812.9624254;0.001571063;0.0001635;
761.7474413;0.002199285;0.000751499;813.5990963;0.001585572;0.000165058;
761.9025876;0.002199008;0.000751607;814.235575;0.00160019;0.000166626;
762.0577004;0.002198792;0.000751744;814.8718612;0.001614923;0.000168206;
762.2127795;0.002198614;0.000751898;815.5079552;0.001629777;0.000169799;
762.3678251;0.002198446;0.000752059;816.1438567;0.001644757;0.000171407;
762.522837;0.002198263;0.000752216;816.7795658;0.00165987;0.000173033;
762.6778154;0.002198041;0.000752359;817.4150826;0.001675121;0.000174676;
762.8327602;0.002197758;0.000752477;818.0504069;0.001690518;0.000176338;
762.9876714;0.002197416;0.000752567;818.6855387;0.001706066;0.00017802;
763.142549;0.002197021;0.000752625;819.3204781;0.001721771;0.000179723;
763.297393;0.002196578;0.000752647;819.955225;0.00173764;0.000181447;
763.4522035;0.002196093;0.00075263;820.5897794;0.001753678;0.000183195;
763.6069804;0.002195573;0.000752572;821.2241413;0.001769889;0.000184965;
763.7617237;0.002195022;0.000752467;821.8583106;0.001786257;0.000186761;
763.9164335;0.00219445;0.000752317;822.4922874;0.001802761;0.000188582;
764.0711097;0.002193877;0.000752131;823.1260716;0.001819383;0.000190429;
764.2257523;0.002193324;0.000751925;823.7596632;0.001836103;0.000192304;
764.3803614;0.002192815;0.000751713;824.3930622;0.001852901;0.000194206;
764.5349369;0.002192372;0.000751508;825.0262686;0.001869759;0.000196138;
764.6894789;0.002192017;0.000751325;825.6592824;0.00188666;0.000198099;
764.8439873;0.002191774;0.000751178;826.2921035;0.001903596;0.000200088;
764.9984622;0.002191657;0.000751078;826.9247319;0.001920564;0.000202104;
765.1529036;0.002191658;0.000751024;827.5571676;0.00193756;0.000204146;
765.3073114;0.00219176;0.000751014;828.1894106;0.00195458;0.000206211;
765.4616857;0.002191948;0.000751043;828.8214608;0.00197162;0.000208299;
765.6160264;0.002192205;0.000751109;829.4533183;0.001988684;0.000210407;
765.7703337;0.002192515;0.000751208;830.0849831;0.002005813;0.000212535;
765.9246074;0.002192862;0.000751337;830.716455;0.002023054;0.000214681;
766.0788475;0.002193228;0.000751491;831.3477342;0.002040454;0.000216844;
766.2330542;0.002193584;0.000751665;831.9788205;0.002058062;0.000219021;
766.3872273;0.002193899;0.000751849;832.609714;0.002075925;0.000221212;
766.5413669;0.002194141;0.000752037;833.2404147;0.00209409;0.000223415;
766.6954731;0.002194281;0.000752222;833.8709224;0.002112593;0.000225629;
766.8495457;0.002194286;0.000752395;834.5012373;0.00213141;0.000227853;
767.0035848;0.002194126;0.000752549;835.1313593;0.002150508;0.000230087;
767.1575904;0.002193783;0.00075268;835.7612883;0.002169852;0.000232329;
767.3115625;0.002193292;0.000752789;836.3910244;0.002189406;0.000234579;
767.4655011;0.002192701;0.000752884;837.0205675;0.002209137;0.000236836;
767.6194062;0.002192057;0.000752967;837.6499177;0.00222901;0.000239099;
767.7732778;0.002191409;0.000753046;838.2790749;0.002248993;0.000241369;
767.9271159;0.002190806;0.000753125;838.908039;0.00226907;0.000243647;
768.0809206;0.002190293;0.00075321;839.5368101;0.00228923;0.000245935;
768.2346918;0.00218991;0.000753304;840.1653882;0.002309458;0.000248236;
768.3884295;0.002189657;0.000753408;840.7937731;0.002329742;0.000250552;
768.5421337;0.002189523;0.00075352;841.421965;0.00235007;0.000252885;
768.6958044;0.002189499;0.000753638;842.0499638;0.002370435;0.000255239;
768.8494417;0.002189575;0.000753762;842.6777695;0.002390859;0.000257616;
769.0030455;0.002189741;0.000753889;843.305382;0.00241137;0.000260022;
769.1566159;0.002189988;0.000754019;843.9328014;0.002431995;0.00026246;
769.3101528;0.002190305;0.00075415;844.5600276;0.002452762;0.000264937;
769.4636562;0.002190679;0.00075428;845.1870606;0.002473698;0.000267455;
769.6171262;0.002191095;0.000754407;845.8139004;0.00249483;0.00027002;
769.7705627;0.002191539;0.00075453;846.440547;0.002516185;0.000272635;
769.9239658;0.002191997;0.000754644;847.0670003;0.002537779;0.0002753;
770.0773355;0.002192455;0.00075475;847.6932604;0.002559626;0.000278013;
770.2306717;0.002192898;0.000754845;848.3193272;0.00258174;0.000280773;
770.3839744;0.002193314;0.000754927;848.9452007;0.002604136;0.00028358;
770.5372437;0.002193696;0.000755001;849.5708808;0.002626828;0.000286432;
770.6904796;0.002194041;0.000755069;850.1963676;0.00264983;0.000289327;
770.8436821;0.002194343;0.000755137;850.8216611;0.002673156;0.000292266;
770.9968511;0.002194599;0.000755208;851.4467612;0.002696816;0.000295247;
771.1499868;0.002194803;0.000755287;852.071668;0.002720821;0.000298272;
771.303089;0.002194951;0.000755377;852.6963813;0.00274518;0.00030134;
771.4561577;0.002195041;0.000755483;853.3209012;0.002769903;0.000304452;
771.6091931;0.002195075;0.0007556;853.9452276;0.002795002;0.000307608;
771.7621951;0.002195057;0.000755728;854.5693606;0.00282048;0.000310809;
771.9151636;0.002194992;0.000755861;855.1933001;0.002846321;0.000314053;
772.0680987;0.002194883;0.000755996;855.8170462;0.002872504;0.000317341;
772.2210005;0.002194737;0.000756131;856.4405987;0.002899009;0.00032067;
772.3738688;0.002194556;0.000756261;857.0639577;0.002925815;0.000324042;
772.5267038;0.002194345;0.000756384;857.6871231;0.0029529;0.000327455;
772.6795053;0.002194108;0.000756495;858.310095;0.002980243;0.000330908;
772.8322735;0.002193852;0.000756591;858.9328733;0.003007832;0.000334402;
772.9850082;0.00219358;0.000756668;859.555458;0.003035687;0.000337938;
773.1377096;0.002193297;0.000756722;860.177849;0.003063836;0.00034152;
773.2903776;0.002193008;0.000756749;860.8000465;0.003092305;0.000345149;
773.4430123;0.002192718;0.000756746;861.4220502;0.003121123;0.000348829;
773.5956135;0.002192431;0.000756711;862.0438604;0.003150319;0.000352563;
773.7481814;0.002192151;0.000756652;862.6654768;0.003179918;0.000356352;
773.9007159;0.002191883;0.000756582;863.2868995;0.003209949;0.0003602;
774.0532171;0.00219163;0.000756512;863.9081285;0.003240437;0.000364109;
774.2056849;0.002191396;0.000756452;864.5291637;0.00327141;0.000368081;
774.3581193;0.002191184;0.000756414;865.1500052;0.003302894;0.000372118;
774.5105203;0.002190998;0.000756411;865.770653;0.003334913;0.000376223;
774.6628881;0.002190845;0.00075645;866.3911069;0.003367494;0.000380397;
774.8152224;0.002190739;0.000756536;867.011367;0.003400669;0.000384644;
774.9675234;0.002190698;0.000756671;867.6314333;0.003434493;0.000388974;
775.1197911;0.002190738;0.000756856;868.2513057;0.003469024;0.000393397;
775.2720254;0.002190876;0.000757095;868.8709843;0.003504324;0.000397925;
775.4242264;0.00219113;0.000757388;869.4904689;0.003540451;0.000402568;
775.5763941;0.002191516;0.000757738;870.1097597;0.003577466;0.000407337;
775.7285284;0.002192043;0.000758143;870.7288566;0.003615428;0.000412242;
775.8806294;0.002192682;0.000758588;871.3477595;0.003654384;0.000417294;
776.0326971;0.002193396;0.000759054;871.9664685;0.003694337;0.00042249;
776.1847314;0.002194148;0.000759523;872.5849835;0.003735273;0.00042783;
776.3367324;0.0021949;0.000759976;873.2033045;0.003777183;0.000433312;
776.4887001;0.002195616;0.000760395;873.8214315;0.003820056;0.000438934;
776.6406345;0.002196258;0.00076076;874.4393645;0.00386388;0.000444693;
776.7925356;0.002196796;0.000761058;875.0571034;0.003908646;0.000450589;
776.9444033;0.002197226;0.000761289;875.6746483;0.003954293;0.000456611;
777.0962378;0.002197549;0.000761458;876.2919991;0.004000574;0.000462718;
777.248039;0.002197768;0.00076157;876.9091558;0.004047192;0.000468865;
777.3998068;0.002197883;0.000761628;877.5261183;0.004093851;0.000475002;
777.5515414;0.002197897;0.000761639;878.1428868;0.004140257;0.000481082;
777.7032426;0.002197812;0.000761606;878.7594611;0.004186114;0.000487058;
777.8549106;0.002197635;0.000761536;879.3758412;0.004231153;0.000492888;
778.0065453;0.002197394;0.000761445;879.9920272;0.004275205;0.000498553;
778.1581467;0.002197121;0.000761352;880.6080189;0.004318125;0.000504038;
778.3097148;0.002196848;0.000761274;881.2238165;0.004359768;0.000509332;
778.4612497;0.00219661;0.00076123;881.8394198;0.004399989;0.000514419;
778.6127512;0.002196438;0.000761237;882.4548288;0.004438645;0.000519286;
778.7642195;0.002196365;0.000761313;883.0700436;0.004475593;0.000523921;
778.9156546;0.002196416;0.000761471;883.685064;0.004510711;0.000528313;
779.0670563;0.002196582;0.0007617;884.2998902;0.004543976;0.000532472;
779.2184248;0.002196848;0.000761982;884.914522;0.004575388;0.000536412;
779.36976;0.002197197;0.000762302;885.5289595;0.004604944;0.000540144;
779.521062;0.002197614;0.000762643;886.1432026;0.004632646;0.000543684;
779.6723307;0.002198082;0.000762987;886.7572514;0.004658492;0.000547044;
779.8235662;0.002198586;0.000763319;887.3711058;0.004682481;0.000550237;
779.9747684;0.002199111;0.000763625;887.9847657;0.004704634;0.000553279;
780.1259374;0.002199648;0.000763902;888.5982312;0.004725057;0.000556194;
780.2770731;0.00220019;0.000764153;889.2115023;0.004743876;0.00055901;
780.4281756;0.00220073;0.000764377;889.8245789;0.004761219;0.000561753;
780.5792449;0.002201259;0.000764577;890.437461;0.004777211;0.00056445;
780.7302809;0.00220177;0.000764753;891.0501486;0.004791978;0.000567128;
780.8812837;0.002202257;0.000764906;891.6626416;0.004805679;0.000569813;
781.0322533;0.002202712;0.000765038;892.2749402;0.0048186;0.000572533;
781.1831896;0.002203131;0.000765151;892.8870442;0.004831062;0.000575317;
781.3340927;0.00220351;0.000765249;893.4989536;0.004843383;0.000578192;
781.4849626;0.002203845;0.000765335;894.1106684;0.00485588;0.000581185;
781.6357993;0.002204134;0.000765411;894.7221886;0.004868872;0.000584324;
781.7866028;0.002204371;0.00076548;895.3335142;0.004882674;0.000587638;
781.9373731;0.002204554;0.000765547;895.9446451;0.004897582;0.000591151;
782.0881101;0.00220468;0.000765613;896.5555814;0.004913802;0.000594881;
782.238814;0.002204749;0.000765678;897.166323;0.004931519;0.000598842;
782.3894846;0.002204763;0.000765742;897.7768699;0.004950917;0.000603048;
782.5401221;0.002204724;0.000765804;898.3872221;0.004972179;0.000607516;
782.6907264;0.002204633;0.000765865;898.9973795;0.004995491;0.000612258;
782.8412974;0.002204491;0.000765922;899.6073422;0.005021034;0.00061729;
782.9918353;0.002204302;0.000765977;900.2171101;0.005048965;0.000622624;
783.14234;0.002204066;0.000766029;900.8266832;0.005079332;0.000628266;
783.2928115;0.002203792;0.000766077;901.4360616;0.005112155;0.000634219;
783.4432499;0.002203489;0.000766122;902.0452451;0.005147457;0.000640485;
783.593655;0.002203164;0.000766163;902.6542338;0.005185257;0.000647068;
783.744027;0.002202826;0.0007662;903.2630276;0.005225576;0.000653972;
783.8943658;0.002202484;0.000766234;903.8716265;0.005268414;0.000661197;
784.0446715;0.002202146;0.000766263;904.4800306;0.00531368;0.000668744;
784.194944;0.002201821;0.00076629;905.0882397;0.005361261;0.000676609;
784.3451833;0.002201511;0.000766321;905.6962539;0.005411045;0.000684792;
784.4953894;0.00220122;0.000766363;906.3040732;0.00546292;0.000693289;
784.6455625;0.002200953;0.000766422;906.9116974;0.005516773;0.000702099;
784.7957023;0.002200712;0.000766508;907.5191268;0.005572493;0.000711221;
784.945809;0.002200501;0.000766627;908.1263611;0.005630012;0.000720652;
785.0958826;0.002200323;0.000766786;908.7334004;0.00568943;0.000730402;
785.245923;0.002200181;0.00076699;909.3402446;0.005750891;0.000740479;
785.3959303;0.002200079;0.000767234;909.9468938;0.005814538;0.000750893;
785.5459044;0.00220002;0.000767509;910.553348;0.005880515;0.000761654;
785.6958454;0.002200006;0.000767807;911.159607;0.005948964;0.000772769;
785.8457533;0.002200041;0.00076812;911.765671;0.006020028;0.000784249;
785.995628;0.002200128;0.000768439;912.3715398;0.006093815;0.000796101;
786.1454697;0.00220027;0.000768757;912.9772135;0.006170301;0.000808325;
786.2952782;0.002200466;0.000769065;913.582692;0.006249428;0.000820922;
786.4450536;0.0022007;0.000769358;914.1879753;0.006331137;0.00083389;
786.5947958;0.002200952;0.000769628;914.7930635;0.00641537;0.000847228;
786.744505;0.002201203;0.000769869;915.3979564;0.006502069;0.000860936;
786.894181;0.002201431;0.000770077;916.0026541;0.006591174;0.000875014;
787.0438239;0.002201618;0.000770244;916.6071566;0.006682611;0.000889473;
787.1934338;0.002201744;0.000770364;917.2114638;0.006776304;0.000904322;
787.3430105;0.002201796;0.000770435;917.8155757;0.006872175;0.000919574;
787.4925541;0.00220179;0.000770468;918.4194923;0.00697015;0.00093524;
787.6420647;0.002201752;0.000770476;919.0232136;0.007070152;0.000951331;
787.7915421;0.002201705;0.000770474;919.6267396;0.007172104;0.000967858;
787.9409865;0.002201672;0.000770477;920.2300702;0.007275961;0.000984832;
788.0903978;0.002201679;0.000770499;920.8332054;0.007381787;0.001002261;
788.2397759;0.002201749;0.000770553;921.4361453;0.007489678;0.001020152;
788.389121;0.002201903;0.000770652;922.0388897;0.007599728;0.001038512;
788.5384331;0.002202154;0.000770798;922.6414387;0.007712032;0.001057349;
788.687712;0.002202514;0.000770993;923.2437923;0.007826682;0.00107667;
788.8369579;0.002202991;0.000771238;923.8459504;0.007943772;0.001096481;
788.9861707;0.002203597;0.000771532;924.447913;0.008063374;0.001116789;
789.1353505;0.002204341;0.000771878;925.0496802;0.00818546;0.001137587;
789.2844972;0.002205235;0.000772275;925.6512518;0.008309982;0.00115887;
789.4336108;0.002206278;0.000772722;926.2526279;0.008436892;0.00118063;
789.5826914;0.002207423;0.00077321;926.8538084;0.008566139;0.00120286;
789.7317389;0.002208616;0.000773725;927.4547934;0.008697676;0.001225554;
789.8807534;0.002209799;0.000774255;928.0555828;0.008831472;0.001248704;
790.0297348;0.002210917;0.000774789;928.6561766;0.00896757;0.001272309;
790.1786832;0.002211913;0.000775313;929.2565748;0.009106035;0.001296363;
790.3275985;0.002212732;0.000775815;929.8567773;0.009246928;0.001320866;
790.4764808;0.002213331;0.000776285;930.4567842;0.009390312;0.001345814;
790.6253301;0.002213724;0.000776717;931.0565954;0.009536249;0.001371203;
790.7741463;0.002213939;0.00077711;931.6562109;0.0096848;0.001397033;
790.9229296;0.002214003;0.000777459;932.2556307;0.009836006;0.001423303;
791.0716797;0.002213943;0.000777762;932.8548548;0.009989808;0.001450037;
791.2203969;0.002213787;0.000778017;933.4538832;0.010146129;0.001477259;
791.369081;0.002213561;0.000778219;934.0527158;0.010304888;0.001504997;
791.5177322;0.002213295;0.000778369;934.6513526;0.010466006;0.001533275;
791.6663503;0.002213015;0.000778479;935.2497936;0.010629404;0.001562121;
791.8149354;0.002212751;0.000778562;935.8480388;0.010795004;0.00159156;
791.9634875;0.002212533;0.000778634;936.4460881;0.010962817;0.001621625;
792.1120066;0.002212388;0.000778708;937.0439416;0.011133221;0.001652375;
792.2604926;0.002212347;0.0007788;937.6415993;0.011306684;0.001683874;
792.4089457;0.002212437;0.000778923;938.239061;0.011483672;0.001716188;
792.5573658;0.002212678;0.000779089;938.8363269;0.011664651;0.001749381;
792.7057529;0.00221306;0.000779293;939.4333968;0.011850087;0.001783519;
792.854107;0.002213559;0.00077953;940.0302708;0.012040335;0.001818652;
793.0024281;0.002214155;0.000779792;940.6269489;0.01223532;0.001854769;
793.1507163;0.002214828;0.000780073;941.2234309;0.01243486;0.001891846;
793.2989714;0.002215555;0.000780365;941.819717;0.012638773;0.001929857;
793.4471936;0.002216317;0.000780663;942.4158071;0.012846876;0.001968779;
793.5953828;0.002217092;0.000780959;943.0117011;0.013058989;0.002008587;
793.7435391;0.002217863;0.00078125;943.6073991;0.013274931;0.002049256;
793.8916623;0.00221861;0.000781532;944.2029011;0.013494552;0.002090768;
794.0397526;0.002219317;0.000781803;944.7982069;0.013717835;0.002133138;
794.18781;0.002219965;0.000782059;945.3933167;0.013944793;0.002176385;
794.3358343;0.002220536;0.000782298;945.9882303;0.01417544;0.002220531;
794.4838258;0.002221012;0.000782515;946.5829478;0.01440979;0.002265594;
794.6317842;0.002221379;0.00078271;947.1774692;0.014647856;0.002311597;
794.7797098;0.002221639;0.000782887;947.7717944;0.014889652;0.002358559;
794.9276023;0.002221795;0.000783053;948.3659234;0.015135207;0.002406503;
795.0754619;0.002221853;0.000783214;948.9598562;0.015384607;0.002455458;
795.2232886;0.002221817;0.000783376;949.5535927;0.015637956;0.002505458;
795.3710824;0.002221692;0.000783547;950.1471331;0.015895354;0.002556535;
795.5188432;0.002221483;0.000783733;950.7404772;0.016156903;0.00260872;
795.6665711;0.002221196;0.000783938;951.333625;0.016422705;0.002662047;
795.814266;0.002220847;0.000784159;951.9265765;0.01669291;0.002716541;
795.961928;0.002220453;0.000784392;952.5193317;0.016967874;0.002772207;
796.1095571;0.00222003;0.000784631;953.1118906;0.017247997;0.002829043;
796.2571533;0.002219596;0.000784873;953.7042531;0.017533682;0.002887047;
796.4047166;0.002219168;0.000785112;954.2964193;0.017825331;0.002946219;
796.5522469;0.002218762;0.000785343;954.888389;0.018123344;0.003006555;
796.6997444;0.002218395;0.000785564;955.4801624;0.01842812;0.003068055;
796.8472089;0.002218072;0.000785775;956.0717394;0.018739927;0.003130739;
796.9946405;0.002217799;0.000785979;956.6631199;0.019058511;0.00319471;
797.1420392;0.002217581;0.000786178;957.254304;0.019383485;0.003260094;
797.2894051;0.002217422;0.000786375;957.8452916;0.019714466;0.003327016;
797.436738;0.002217328;0.000786572;958.4360828;0.02005107;0.0033956;
797.584038;0.002217304;0.000786773;959.0266774;0.020392913;0.003465971;
797.7313051;0.002217354;0.000786979;959.6170755;0.020739613;0.003538252;
797.8785394;0.002217478;0.000787192;960.2072771;0.021090981;0.003612564;
798.0257408;0.002217675;0.000787414;960.7972821;0.021447594;0.003689004;
798.1729093;0.002217944;0.000787646;961.3870905;0.021810219;0.003767668;
798.3200449;0.002218285;0.000787891;961.9767023;0.022179622;0.003848647;
798.4671476;0.002218698;0.000788149;962.5661175;0.022556567;0.003932036;
798.6142175;0.002219181;0.000788422;963.1553361;0.022941818;0.004017929;
798.7612545;0.002219732;0.000788712;963.7443581;0.023336053;0.004106406;
798.9082586;0.002220338;0.000789014;964.3331833;0.023739621;0.00419751;
799.0552298;0.002220987;0.000789324;964.9218119;0.024152789;0.004291269;
799.2021683;0.002221665;0.000789638;965.5102438;0.024575821;0.004387713;
799.3490738;0.002222358;0.00078995;966.098479;0.025008983;0.004486872;
799.4959465;0.002223052;0.000790258;966.6865175;0.025452539;0.004588774;
799.6427863;0.002223734;0.000790555;967.2743592;0.025906753;0.004693451;
799.7895933;0.00222439;0.00079084;967.8620041;0.026372064;0.004800946;
799.9363675;0.002225003;0.000791112;968.4494522;0.026849613;0.004911373;
800.0831088;0.002225555;0.000791374;969.0367035;0.027340715;0.005024859;
800.2298172;0.00222603;0.000791628;969.623758;0.027846682;0.005141531;
800.3764929;0.002226409;0.000791876;970.2106157;0.028368824;0.005261518;
800.5231357;0.002226677;0.00079212;970.7972765;0.028908447;0.005384946;
800.6697456;0.002226815;0.000792362;971.3837404;0.029466855;0.005511942;
800.8163228;0.002226815;0.000792604;971.9700075;0.030045075;0.005642607;
800.9628671;0.002226703;0.000792847;972.5560776;0.030643032;0.005776939;
801.1093786;0.002226513;0.000793092;973.1419508;0.031260379;0.005914909;
801.2558573;0.002226281;0.000793341;973.727627;0.031896768;0.00605649;
801.4023031;0.002226039;0.000793593;974.3131063;0.032551851;0.006201653;
801.5487162;0.002225823;0.000793851;974.8983886;0.033225282;0.006350371;
801.6950964;0.002225666;0.000794114;975.4834739;0.033916207;0.006502682;
801.8414439;0.002225597;0.000794384;976.0683621;0.03462174;0.006658884;
801.9877585;0.002225615;0.000794661;976.6530534;0.035338492;0.006819342;
802.1340403;0.002225714;0.000794941;977.2375476;0.036063082;0.006984419;
802.2802894;0.002225886;0.000795225;977.8218447;0.036792134;0.007154479;
802.4265056;0.002226126;0.00079551;978.4059447;0.037522281;0.007329883;
802.5726891;0.002226427;0.000795795;978.9898476;0.038250162;0.007510992;
802.7188397;0.002226783;0.00079608;979.5735534;0.038973892;0.007698237;
802.8649576;0.002227184;0.000796362;980.157062;0.039697468;0.007892318;
803.0110427;0.00222762;0.000796642;980.7403735;0.040426346;0.008094006;
803.157095;0.002228078;0.000796921;981.3234878;0.041165971;0.008304068;
803.3031146;0.002228545;0.000797199;981.9064049;0.041921779;0.008523271;
803.4491013;0.002229007;0.000797477;982.4891248;0.042699192;0.008752378;
803.5950553;0.002229453;0.000797754;983.0716475;0.043503623;0.008992153;
803.7409766;0.002229868;0.000798032;983.6539729;0.044340698;0.009243253;
803.886865;0.002230247;0.000798311;984.2361011;0.045216925;0.009505908;
804.0327207;0.002230603;0.000798594;984.8180319;0.046139021;0.009780246;
804.1785437;0.002230959;0.000798882;985.3997655;0.047113693;0.010066393;
804.3243339;0.002231334;0.00079918;985.9813017;0.048147631;0.010364474;
804.4700913;0.00223175;0.000799489;986.5626406;0.049247513;0.010674615;
804.615816;0.002232227;0.000799812;987.1437822;0.050418146;0.010996791;
804.761508;0.002232786;0.000800152;987.7247264;0.051656901;0.01133037;
804.9071672;0.002233441;0.000800511;988.3054732;0.052959302;0.011674573;
805.0527936;0.002234178;0.000800887;988.8860225;0.054320881;0.012028623;
805.1983874;0.002234976;0.000801279;989.4663745;0.055737178;0.012391743;
805.3439484;0.002235815;0.000801686;990.046529;0.057203743;0.012763158;
805.4894766;0.002236672;0.000802105;990.626486;0.058716134;0.013142094;
805.6349722;0.002237529;0.000802536;991.2062456;0.060270343;0.01352785;
805.780435;0.002238363;0.000802976;991.7858077;0.061864062;0.013920012;
805.9258651;0.00223916;0.000803424;992.3651722;0.063495409;0.014318235;
806.0712625;0.002239926;0.000803875;992.9443393;0.065162509;0.014722176;
806.2166271;0.002240674;0.000804325;993.5233087;0.066863489;0.015131493;
806.3619591;0.002241416;0.000804771;994.1020806;0.068596479;0.015545844;
806.5072583;0.002242164;0.000805206;994.680655;0.070359613;0.015964888;
806.6525248;0.00224293;0.000805628;995.2590317;0.072150755;0.016388093;
806.7977587;0.002243727;0.000806031;995.8372108;0.073966665;0.01681417;
806.9429598;0.002244561;0.000806413;996.4151922;0.075803837;0.017241638;
807.0881282;0.002245419;0.000806775;996.992976;0.077658769;0.017669021;
807.2332639;0.002246283;0.00080712;997.5705622;0.079527969;0.018094847;
807.378367;0.002247136;0.00080745;998.1479506;0.08140795;0.018517644;
807.5234373;0.002247958;0.000807767;998.7251413;0.083295234;0.018935947;
807.668475;0.002248733;0.000808076;999.3021343;0.085184687;0.019351443;
807.81348;0.002249441;0.000808377;999.8789296;0.087073493;0.019766796;
807.9584523;0.002250073;0.000808675;1000.455527;0.088961651;0.020182007;
808.1033919;0.002250651;0.000808974;1001.031927;0.090849162;0.020597076;
808.2482989;0.002251204;0.00080928;1001.608129;0.092736025;0.021012002;
808.3931732;0.002251762;0.0008096;1002.184133;0.09462224;0.021426786;
808.5380148;0.002252353;0.000809939;1002.759939;0.096507807;0.021841427;
808.6828237;0.002253009;0.000810304;1003.335547;0.098392727;0.022255926;
808.8276;0.002253757;0.000810699;1003.910958;0.100276998;0.022670282;
808.9723437;0.002254621;0.000811128;1004.486171;0.102160621;0.023084496;
809.1170546;0.002255589;0.000811583;1005.061185;0.104043597;0.023498567;
809.261733;0.002256644;0.000812056;1005.636002;0.105925924;0.023912496;
809.4063786;0.002257768;0.000812535;1006.210621;0.107807603;0.024326282;
809.5509917;0.002258944;0.00081301;1006.785042;0.109688633;0.024739926;
809.6955721;0.002260153;0.000813472;1007.359265;0.111569016;0.025153427;
809.8401198;0.002261379;0.000813911;1007.93329;0.11344875;0.025566785;
809.9846349;0.002262602;0.000814318;1008.507117;0.115327836;0.025980001;
810.1291174;0.002263792;0.00081469;1009.080746;0.117206273;0.026393075;
810.2735672;0.002264918;0.000815026;1009.654177;0.119084062;0.026806005;
810.4179844;0.00226595;0.000815324;1010.22741;0.120961202;0.027218794;
810.562369;0.002266858;0.000815582;1010.800444;0.122837693;0.027631439;
810.706721;0.002267609;0.0008158;1011.373281;0.124713536;0.028043942;
810.8510403;0.002268174;0.000815976;1011.945919;0.12658873;0.028456302;
810.9953271;0.002268532;0.00081611;1012.51836;0.128463275;0.028868519;
811.1395812;0.002268711;0.000816206;1013.090602;0.130337171;0.029280594;
811.2838027;0.002268747;0.000816272;1013.662646;0.132210418;0.029692526;
811.4279916;0.002268678;0.000816315;1014.234492;0.134083017;0.030104316;
811.5721479;0.002268542;0.000816341;1014.80614;0.135954966;0.030515962;
811.7162716;0.002268377;0.000816357;1015.377589;0.137826266;0.030927466;
811.8603627;0.002268218;0.000816369;1015.94884;0.139696917;0.031338827;
812.0044212;0.002268105;0.000816385;1016.519893;0.141566919;0.031750046;
812.1484471;0.002268026;0.000816404;1017.090748;0.143436271;0.032161121;
812.2924404;0.002267947;0.000816424;1017.661404;0.145304974;0.032572054;
812.4364012;0.002267869;0.000816443;1018.231862;0.147173028;0.032982844;
812.5803293;0.00226779;0.000816463;1018.802122;0.149040432;0.033393491;
812.7242249;0.002267711;0.000816482;1019.372183;0.150907187;0.033803996;
812.8680879;0.002267633;0.000816502;1019.942046;0.152773292;0.034214357;
813.0119183;0.002267554;0.000816521;1020.511711;0.154638748;0.034624576;
813.1557162;0.002267475;0.000816541;1021.081177;0.156503554;0.035034651;
813.2994814;0.002267397;0.00081656;1021.650445;0.15836771;0.035444584;
813.4432142;0.002267318;0.000816579;1022.219515;0.160231216;0.035854374;
813.5869143;0.00226724;0.000816599;1022.788385;0.162094072;0.036264021;
